plugin.HTML_Tidy.zip 	2021-01-18 	210.1 kB 	20
plugin.Sum_Lines.zip 	2021-01-18 	1.9 kB 	11
plugin.Tab_Colors.zip 	2021-01-17 	1.8 kB 	33
plugin.Complete_From_Text.zip 	2021-01-16 	3.3 kB 	47
plugin.Snippets.zip 	2021-01-15 	20.2 kB 	68
plugin.Extended_Selection.zip 	2021-01-13 	24.5 kB 	31
plugin.Python_IntelliSense.zip 	2021-01-12 	1.5 MB 	59
plugin.Highlight_Occurrences.zip 	2021-01-06 	8.4 kB 	54
plugin.Vim_Mode.zip 	2020-12-30 	9.8 kB 	21
plugin.File_URI_Handler.zip 	2020-12-27 	2.0 kB 	12
plugin.Edits_Navigation.zip 	2020-12-27 	2.4 kB 	13
plugin.Differ.zip 	2020-10-20 	10.0 kB 	31
plugin.Auto_Save.zip 	2020-10-05 	1.9 kB 	18
plugin.Plain_Tasks.zip 	2020-10-01 	9.8 kB 	12
plugin.HTML_Completion.zip 	2020-09-23 	19.1 kB 	15
plugin.pywin32.zip 	2020-08-06 	7.3 MB 	9
plugin.TextToSpeech.zip 	2020-08-06 	11.0 kB 	8
plugin.Terminal.zip 	2020-08-01 	6.9 kB 	28
plugin.Markdown_Editing.zip 	2020-07-21 	6.9 kB 	18
plugin.CudaLint.zip 	2020-07-05 	23.6 kB 	35
plugin.File_Type_Profile.zip 	2020-06-25 	5.7 kB 	13
plugin.Color_Text.zip 	2020-05-20 	4.8 kB 	23
plugin.CudaFormatter.zip 	2020-05-19 	5.6 kB 	43
plugin.Open_URL.zip 	2020-05-18 	2.9 kB 	16
plugin.Testing_of_dialog_API.zip 	2020-05-15 	8.7 kB 	8
plugin.Config_Toolbar.zip 	2020-05-15 	824.1 kB 	21
plugin.Number_Utils.zip 	2020-05-14 	63.9 kB 	17
plugin.CSV_Helper.zip 	2020-03-28 	10.4 kB 	21
plugin.Tab_Icons.zip 	2020-03-19 	2.3 kB 	22
plugin.Encode.zip 	2020-03-15 	8.8 kB 	20
plugin.Font_Awesome.zip 	2020-02-01 	287.0 kB 	14
plugin.Calc_Expression.zip 	2020-01-27 	2.8 kB 	12
plugin.Case_Converter.zip 	2020-01-07 	2.6 kB 	12
plugin.IP_Address_Helper.zip 	2019-12-17 	1.8 kB 	9
plugin.Spell_Checker.zip 	2019-11-28 	6.1 MB 	22
plugin.SFTP_Support_for_Windows_py37.zip 	2019-11-27 	5.1 MB 	10
plugin.SFTP_Support_for_Windows_py36.zip 	2019-11-27 	4.9 MB 	10
plugin.SFTP_Support_for_Windows_py35.zip 	2019-11-27 	4.4 MB 	10
plugin.FTP.zip 	2019-11-27 	23.2 kB 	21
plugin.Show_Unicode_Name.zip 	2019-11-24 	1.4 kB 	14
plugin.Colored_Indent.zip 	2019-11-17 	3.2 kB 	20
plugin.Highlight_Variables.zip 	2019-11-15 	2.6 kB 	10
plugin.Sync_Editing.zip 	2019-11-13 	89.6 kB 	17
plugin.CSS_Inspector.zip 	2019-11-12 	3.7 MB 	14
plugin.Color_Picker.zip 	2019-11-12 	3.2 kB 	28
plugin.Bracket_Helper.zip 	2019-10-18 	5.3 kB 	0
plugin.Insert_Pics.zip 	2019-10-03 	150.0 kB 	12
plugin.Markdown_Preview.zip 	2019-09-29 	964.1 kB 	21
plugin.SPIR_Helper.zip 	2019-08-26 	25.5 kB 	9
plugin.HTML_Ops.zip 	2019-07-16 	11.1 kB 	13
plugin.ASCII_Art.zip 	2019-07-16 	1.6 MB 	13
plugin.Fountain_Helper.zip 	2019-06-14 	8.6 kB 	12
plugin.HTML_Live_Preview.zip 	2019-06-07 	4.3 kB 	15
plugin.CSS_Property_Info.zip 	2019-06-02 	5.7 kB 	14
plugin.Hex_Dump.zip 	2019-05-27 	6.6 kB 	17
plugin.Sync_Scroll.zip 	2019-04-15 	1.9 kB 	17
plugin.Emmet_Lite.zip 	2019-04-15 	179.7 kB 	10
plugin.Remove_Greek_Accents.zip 	2019-04-09 	2.3 kB 	9
plugin.EditorConfig_Support.zip 	2019-04-05 	11.3 kB 	18
plugin.CSS_CanIUse.zip 	2019-03-04 	1.6 kB 	17
plugin.FontStorage.zip 	2019-02-09 	2.9 kB 	14
plugin.HTML_Tooltips.zip 	2019-02-04 	36.4 kB 	16
plugin.Password_Generator.zip 	2019-01-29 	2.0 kB 	9
plugin.AutoIt_Helper.zip 	2019-01-18 	120.7 kB 	14
plugin.CSS_Table_of_Contents.zip 	2019-01-11 	16.1 kB 	14
plugin.Switch_Header.zip 	2018-12-16 	1.9 kB 	12
plugin.DocBlock_Comments.zip 	2018-12-14 	2.3 kB 	16
plugin.Auto_Copy_to_Clipboard.zip 	2018-12-06 	2.3 kB 	18
plugin.Draw_Lines.zip 	2018-11-23 	2.8 kB 	16
plugin.SQL_Tools.zip 	2018-11-06 	75.0 kB 	14
plugin.Auto_Center_Line.zip 	2018-10-28 	1.6 kB 	18
plugin.Testing_of_gaps_API.zip 	2018-10-21 	693 Bytes 	8
plugin.Testing_of_Code_Tree_API.zip 	2018-10-21 	809 Bytes 	9
plugin.Auto_Replace.zip 	2018-09-28 	4.9 kB 	16
plugin.Numbered_Bookmarks.zip 	2018-09-25 	1.6 kB 	16
plugin.JS_Tern.zip 	2018-08-31 	6.7 kB 	11
plugin.Explorer_Integration.zip 	2018-05-31 	4.0 kB 	11
plugin.Git_Status.zip 	2018-04-15 	5.0 kB 	11
plugin.Extract_Strings.zip 	2018-04-06 	3.8 kB 	12
plugin.NTFS_Streams.zip 	2018-03-05 	4.1 kB 	12
plugin.Fonts.zip 	2018-02-08 	1.4 kB 	12
plugin.Dash_Help.zip 	2018-02-03 	3.6 kB 	13
plugin.Online_Search.zip 	2018-01-26 	2.2 kB 	17
plugin.Lorem_Ipsum.zip 	2018-01-10 	6.2 kB 	11
plugin.Micro_Utils.zip 	2018-01-09 	2.3 kB 	12
plugin.reStructuredText_Preview.zip 	2018-01-09 	1.3 MB 	14
plugin.Detect_Indent.zip 	2017-11-23 	1.6 kB 	16
plugin.Focus_Mode.zip 	2017-10-13 	1.9 kB 	10
plugin.Insert_Emoji.zip 	2017-09-04 	4.1 MB 	9
plugin.Hash_Generator.zip 	2017-08-07 	2.9 kB 	16
plugin.Column_Marks.zip 	2017-07-28 	1.8 kB 	13
plugin.Pandoc_Helper.zip 	2017-05-22 	2.6 kB 	10
plugin.Text_Statistics.zip 	2017-05-22 	2.0 kB 	21
plugin.Paste_as_String.zip 	2016-10-05 	4.9 kB 	14
plugin.JS_Multiline_Array.zip 	2016-09-23 	1.6 kB 	11
plugin.Textile_Preview.zip 	2016-09-21 	36.4 kB 	15
plugin.DevDocs.zip 	2016-03-05 	1.8 kB 	25

plugin.SnipToCall.zip 	2021-01-10 	108.2 kB 	12
plugin.FindInFiles-v4.zip 	2020-10-28 	101.4 kB 	26
plugin.CudaExt.zip 	2020-09-10 	224.0 kB 	23
plugin.FindInFiles-v3.zip 	2020-08-01 	304.6 kB 	15
plugin.Session_Manager.zip 	2020-07-26 	13.6 kB 	14
plugin.Intext_Bookmarks.zip 	2020-07-24 	12.9 kB 	7
plugin.Favorites.zip 	2020-07-13 	36.3 kB 	11
plugin.Macros.zip 	2020-06-20 	28.7 kB 	17
plugin.Caret_History.zip 	2020-06-18 	3.0 kB 	7
plugin.CudaExt_py35.zip 	2020-06-03 	80.6 kB 	9
plugin.Configure_Hotkeys.zip 	2020-05-25 	41.6 kB 	11
plugin.CudaKvBase_py35.zip 	2019-09-02 	13.7 kB 	7
plugin.CudaKvDlg_py35.zip 	2019-09-02 	23.3 kB 	7
plugin.FindInFiles-v4_py35.zip 	2019-09-02 	82.6 kB 	10
plugin.CudaKvBase.zip 	2019-07-01 	13.4 kB 	7
plugin.CudaKvDlg.zip 	2019-07-01 	22.8 kB 	7
plugin.External_Tools.zip 	2019-05-28 	49.4 kB 	21
plugin.CudaExt_t.zip 	2019-05-22 	50.8 kB 	0
plugin.Configure_PyCodeStyle.zip 	2019-05-06 	13.2 kB 	14
plugin.Options_Editor.zip 	2019-01-10 	54.6 kB 	0
plugin.Configure_Menu.zip 	2018-10-29 	21.7 kB 	8
plugin.FindInFiles.zip 	2018-06-05 	319.3 kB 	0
plugin.Backup_File.zip 	2018-02-01 	21.0 kB 	7
plugin.Configure_PEP8.zip 	2018-02-01 	12.7 kB 	0
plugin.Intext_Complete.zip 	2018-02-01 	43.0 kB 	8
plugin.Comments.zip 	2017-07-12 	59.6 kB 	0
plugin.Options_Report.zip 	2017-04-24 	3.2 kB 	7
